Product_Name,Product_Link,Rating,Reviews,MRP,Pack_Size,Offers,Product_Category,Ingredient
ubtan face wash tan removal,https://mamaearth.in/product/ubtan-face-wash,"['5.0', '5.0', '5.0']","['Very nice result', 'Every product is good', 'Every product is good']",249,100,none,face wash,turmeric
charcoal facewash oil control,https://mamaearth.in/product/best-charcoal-face-wash,"['5.0', '5.0', '4.0']","['Very very good product and i very like', 'Very very good product and i very like', 'Good product']",249,100,none,face wash,charcoal
argan hair mask argan avocado oil milk protein frizz stronger hair,https://mamaearth.in/product/argan-hair-mask,"['5.0', '4.0', '5.0']","[""It's an amazing hair mask. Makes your hair manageable and frizz free. Just go for it."", 'Product is really awesome, my hair become very soft n smooth.', 'Good product nice smell']",599,200,none,hair mask,argan
ubtan foaming face wash turmeric saffron tan removal,https://mamaearth.in/product/ubtan-foaming-face-wash-with-turmeric-saffron-for-tan-removal-150ml,"['5.0', '5.0', '5.0']","['This product is so good', 'Easy to use', 'Very nice superb']",399,150,none,face wash,turmeric
rice water shampoo rice water keratin damage repair,https://mamaearth.in/product/rice-water-shampoo-with-rice-water-and-keratin-for-damage-repair-250ml,"['5.0', '5.0', '5.0']","['Best product i have ever used!', 'Good shampoo highly recommend', 'Good quality']",349,250,none,hair shampoo,rice
ubtan body wash turmeric saffron glowing skin,https://mamaearth.in/product/ubtan-body-wash-with-turmeric-saffron-for-glowing-skin-300-ml,"['5.0', '5.0', '5.0']","['I like this product smell is very nice but body wash use in face? Please reply any one', 'Loving it', ""Good smell and more foam . And it's gives that feeling of chemical free.""]",299,300,none,body wash,turmeric
tea tree foaming face wash tea tree salicylic acid acne pimple,https://mamaearth.in/product/tea-tree-foaming-face-wash-with-tea-tree-salicylic-acid-for-acne-pimples-150ml,"['5.0', '5.0', '5.0']","['Amazing product', 'Amazing product', 'Really great product... Love it❤️']",399,150,none,face wash,tea tree
tea tree face serum,https://mamaearth.in/product/tea-tree-face-serum,"['5.0', '5.0', '5.0']","['I like very much and love this product.', 'Best Serum Ever', 'Every product is awsme']",599,none,none,face serum,tea tree
tea tree hair oil tea tree ginger oil dandruff hair,https://mamaearth.in/product/tea-tree-hair-oil-with-tea-tree-ginger-oil-for-dandruff-free-hair-250ml,"['5.0', '5.0', '5.0']","['Best oil', 'It is really effective in removal of dandruff', 'Good']",499,250,none,hair oil,tea tree
ubtan night face mask turmeric niacinamide glowing skin,https://mamaearth.in/product/ubtan-night-face-mask-with-turmeric-niacinamide-for-glowing-skin-100-g,"['5.0', '5.0', '5.0']","['Nice', 'Best face mask', 'I really liked the product. This is my second order. I am really impressed by its result. I recommend to those skin types who have acne marks.']",599,100,none,face mask,turmeric
onion scalp serum onion niacinamide healthy hair growth,https://mamaearth.in/product/onion-scalp-serum-with-onion-niacinamide-for-healthy-hair-growth-50ml,"['5.0', '5.0', '5.0']","['Just awesome product', 'Nice', 'Great product for hair growth . Go for it without any habitations']",599,50,none,hair serum,onion
vitamin c foaming face wash vitamin c turmeric skin illumination,https://mamaearth.in/product/vitamin-c-foaming-face-wash-with-vitamin-c-turmeric-for-skin-illumination-150ml,"['5.0', '5.0', '5.0']","['Super', 'Best face wash', 'I like all thinks']",399,150,none,face wash,vitamin c
ubtan body scrub turmeric saffron tan removal,https://mamaearth.in/product/ubtan-body-scrub-with-turmeric-saffron-for-tan-removal-200-g,"['5.0', '5.0', '5.0']","[""It's an amazing body scrub I have ever used.Skin really starts brightening"", 'Natural', 'Awesome product Just love it ❤️']",499,200,none,body scrub,turmeric
bhringamla shampoo bhringraj amla intense hair treatment,https://mamaearth.in/product/bhringamla-shampoo-with-bhringraj-amla-for-intense-hair-treatment-250-ml,"['5.0', '4.0', '5.0']","['amazing product', 'Nyc shampooo. But lid of my shampoo was broken out of the seal And iam not happy with the packing', 'Greattttttttt']",349,250,none,hair shampoo,bhringraj
bhringamla hair oil bhringraj amla intense hair treatment,https://mamaearth.in/product/bhringamla-hair-oil-with-bhringraj-amla-for-intense-hair-treatment-250ml,"['4.0', '5.0', '5.0']","['Nice product I am using this product my grey hair reduced a Little', 'Its very nice and effective product', 'Really really amazing product i must say!']",499,250,none,hair oil,bhringraj
vitamin c face wash vitamin c turmeric skin illumination,https://mamaearth.in/product/vitamin-c-face-wash-with-vitamin-c-and-turmeric-for-skin-illumination-100ml,"['5.0', '5.0', '5.0']","['I like this product', 'Sach a awesome', 'Good']",249,100,none,face wash,vitamin c
vitamin c face cream vitamin c skin illumination,https://mamaearth.in/product/vitamin-c-face-cream-with-vitamin-c-spf-20-for-skin-illumination-50g,"['5.0', '5.0', '5.0']","['Super', 'Super', 'Best products I have ever used .. thanks mamaearth give us for valuable products.']",599,50,none,face cream,vitamin c
vitamin c face mask vitamin c kaolin clay skin illumination,https://mamaearth.in/product/vitamin-c-face-mask-with-vitamin-c-kaolin-clay-for-skin-illumination-100-g,"['5.0', '5.0', '5.0']","['Very nice product', 'Good product so use it for best results', 'Very nice and excellent products so use it for best results']",499,100,none,face mask,vitamin c
vitamin c sleeping mask aloe vera skin illumination,https://mamaearth.in/product/vitamin-c-sleeping-mask-with-aloe-vera-for-skin-illumination-100-g,"['5.0', '5.0', '5.0']","['Really amazing product. Love it', 'I like this product', 'Product is really good..i loved it']",599,100,none,face mask,vitamin c
onion hair oil hair regrowth hair fall control,https://mamaearth.in/product/onion-hair-oil-for-hair-regrowth-hair-fall-control-with-redensyl-250ml,"['5.0', '1.0', '3.0']","['Very goooooood', 'Good', 'Good']",599,250,none,hair oil,onion
ubtan face scrub turmeric walnut tan removal,https://mamaearth.in/product/ubtan-scrub-for-face-with-turmeric-walnut-for-tan-removal-100g,"['5.0', '3.0', '5.0']","['Excellent Product....Fragnance is super good', 'Face scrub so nice', 'Just asum product ,i am very happy after using this product']",349,100,none,face scrub,turmeric
vitamin c face toner vitamin c cucumber pore tightening,https://mamaearth.in/product/vitamin-c-face-toner-with-vitamin-c-cucumber-for-pore-tightening-200-ml,"['5.0', '5.0', '5.0']","[""It's very useful and nice product"", 'I like it.❤️❤️', 'i just love this toner']",399,200,none,face toner,vitamin c
aloe vera gel pure aloe vera vitamin skin hair,https://mamaearth.in/product/aloe-vera-gel-for-face-with-pure-aloe-vera-vitamin-e-for-skin-and-hair-300ml,"['5.0', '5.0', '5.0']","['Very good', ""Best aloe vera gel I've used .... Best for dandruff treatment and of course amazing on oily skin"", ""It's very good""]",299,300,none,face gel,aloe vera
skin correct face serum niacinamide ginger extract acne mark scar,https://mamaearth.in/product/skin-correct-face-serum-with-niacinamide-and-ginger-extract-for-acne-marks-scars-30-ml,"['5.0', '5.0', '5.0']","['Like', 'I have acne prone skin and this worked for me so well Very good for acne prone skin and oily skin...', ""This is an interesting concept.. nice serum.. works too good.. gave results.. that's important.. it's my third buy as my friend took mine away wid her..""]",599,30,none,face serum,niacinamide
skin illuminate face serum radiant skin vitamin c turmeric,https://mamaearth.in/product/skin-illuminate-face-serum-for-radiant-skin-with-vitamin-c-turmeric-30-gm,"['5.0', '5.0', '5.0']","['Very happy to buy this product', ""Great product I'm satisfied 5months uses this product and my skin improve n brightening really love you mama earth."", ""It's good""]",599,30,none,face serum,vitamin c
bye bye dark circle eye cream cucumber peptide dark circle,https://mamaearth.in/product/bye-bye-dark-circles-eye-cream-with-cucumber-peptides-for-dark-circles-20ml,"['5.0', '5.0', '5.0']","['Very awesome products....', 'Products are very very effective ... 100% results', 'Very nice product']",399,20,none,face cream,cucumber
onion shampoo hair growth hair fall control onion oil plant keratin,https://mamaearth.in/product/onion-shampoo-for-hair-growth-and-hair-fall-control-with-onion-oil-and-plant-keratin-400ml,"['5.0', '4.0', '5.0']","['I like this product. It stopped hairfall and my hair is looking smooth and shiny after using this product.', ""It's a sulphate free that's why it doesn't remove oil from hair. I have to wash it more or use another shampoo(little quantity) to remove oil . After that its ok. I use it because I have hair fall problem n I thik its working that's why I purchase it again."", 'Excellent product.I used to have a very bad hair fall but after regular use of this shampoo for 3-4 months my hairfall reduced to 95%.']",559,400,none,hair shampoo,onion
tea tree shampoo dandruff hair,https://mamaearth.in/product/tea-tree-shampoo-for-dandruff-free-hair-250ml,"['5.0', '4.0', '5.0']","[""It's very good"", 'Good', 'Good for dandruff']",349,250,none,hair shampoo,tea tree
onion conditioner hair growth hair fall control onion coconut,https://mamaearth.in/product/mamaearth-onion-conditioner-for-hair-growth-hair-fall-control-with-onion-coconut-250ml,"['5.0', '5.0', '5.0']","['Very natural and good product', ""Best conditioner so far I've used. Highly recommended."", 'Nice']",349,250,none,hair conditioner,onion
onion shampoo hair growth hair fall control onion oil plant keratin,https://mamaearth.in/product/mamaearth-onion-shampoo-for-hair-growth-hair-fall-control-with-onion-oil-plant-keratin-250-ml,"['4.0', '5.0', '5.0']","['Good', 'Very nice product', ""I like this product because it's a natural thing""]",349,250,none,hair shampoo,onion
onion hair oil hair regrowth hair fall control redensyl,https://mamaearth.in/product/onion-hair-oil-for-hair-regrowth-hair-fall-control-with-redensyl-150ml,"['4.0', '5.0', '5.0']","['Good product', 'Very good', ""very surprised to see the smell is really well of oil . It didn't smell like real onion.""]",399,150,none,hair oil,onion
onion hair mask hair fall control onion oil organic bamboo vinegar,https://mamaearth.in/product/onion-hair-mask-for-hair-fall-control-with-onion-oil-organic-bamboo-vinegar-200ml,"['5.0', '4.0', '5.0']","['Nice product', 'Good for dry and fizzy hairs', 'Nice product. It hydrated and nourished my hair and also hairfall reduced. Must try']",599,200,none,hair mask,onion
bye bye blemish face cream reducing pigmentation blemish mulberry extract vitamin c,https://mamaearth.in/product/bye-bye-blemishes-face-cream-for-pigmentation-blemish-removal-with-mulberry-extract-vitamin-c-30ml,"['5.0', '5.0', '5.0']","['Mamaearth bye bye blemishes face cream is amazing. So amazing results. Helps in reducing hyperpigmentation. MUST TRY !', 'This product is good', 'amazing one .....its sweaty for me but i like the result of it']",449,30,none,face cream,vitamin c
hair regrowth combo onion shampoo onion conditioner,https://mamaearth.in/product/hair-regrowth-combo-onion-shampoo-onion-conditioner,"['5.0', '5.0', '5.0']","['I like products all super', 'Very nice product', 'Like product']",689,250,(1% off),hair combo,onion
ubtan face wash tan removal,https://mamaearth.in/product/ubtan-face-wash,"['5.0', '5.0', '5.0']","['Very nice result', 'Every product is good', 'Every product is good']",249,100,none,face wash,turmeric
charcoal facewash oil control,https://mamaearth.in/product/best-charcoal-face-wash,"['5.0', '5.0', '4.0']","['Very very good product and i very like', 'Very very good product and i very like', 'Good product']",249,100,none,face wash,charcoal
argan hair mask argan avocado oil milk protein frizz stronger hair,https://mamaearth.in/product/argan-hair-mask,"['5.0', '4.0', '5.0']","[""It's an amazing hair mask. Makes your hair manageable and frizz free. Just go for it."", 'Product is really awesome, my hair become very soft n smooth.', 'Good product nice smell']",599,200,none,hair mask,argan
ubtan foaming face wash turmeric saffron tan removal,https://mamaearth.in/product/ubtan-foaming-face-wash-with-turmeric-saffron-for-tan-removal-150ml,"['5.0', '5.0', '5.0']","['This product is so good', 'Easy to use', 'Very nice superb']",399,150,none,face wash,turmeric
rice water shampoo rice water keratin damage repair,https://mamaearth.in/product/rice-water-shampoo-with-rice-water-and-keratin-for-damage-repair-250ml,"['5.0', '5.0', '5.0']","['Best product i have ever used!', 'Good shampoo highly recommend', 'Good quality']",349,250,none,hair shampoo,rice
ubtan body wash turmeric saffron glowing skin,https://mamaearth.in/product/ubtan-body-wash-with-turmeric-saffron-for-glowing-skin-300-ml,"['5.0', '5.0', '5.0']","['I like this product smell is very nice but body wash use in face? Please reply any one', 'Loving it', ""Good smell and more foam . And it's gives that feeling of chemical free.""]",299,300,none,body wash,turmeric
tea tree foaming face wash tea tree salicylic acid acne pimple,https://mamaearth.in/product/tea-tree-foaming-face-wash-with-tea-tree-salicylic-acid-for-acne-pimples-150ml,"['5.0', '5.0', '5.0']","['Amazing product', 'Amazing product', 'Really great product... Love it❤️']",399,150,none,face wash,tea tree
tea tree face serum,https://mamaearth.in/product/tea-tree-face-serum,"['5.0', '5.0', '5.0']","['I like very much and love this product.', 'Best Serum Ever', 'Every product is awsme']",599,none,none,face serum,tea tree
tea tree hair oil tea tree ginger oil dandruff hair,https://mamaearth.in/product/tea-tree-hair-oil-with-tea-tree-ginger-oil-for-dandruff-free-hair-250ml,"['5.0', '5.0', '5.0']","['Best oil', 'It is really effective in removal of dandruff', 'Good']",499,250,none,hair oil,tea tree
ubtan night face mask turmeric niacinamide glowing skin,https://mamaearth.in/product/ubtan-night-face-mask-with-turmeric-niacinamide-for-glowing-skin-100-g,"['5.0', '5.0', '5.0']","['Nice', 'Best face mask', 'I really liked the product. This is my second order. I am really impressed by its result. I recommend to those skin types who have acne marks.']",599,100,none,face mask,turmeric
onion scalp serum onion niacinamide healthy hair growth,https://mamaearth.in/product/onion-scalp-serum-with-onion-niacinamide-for-healthy-hair-growth-50ml,"['5.0', '5.0', '5.0']","['Just awesome product', 'Nice', 'Great product for hair growth . Go for it without any habitations']",599,50,none,hair serum,onion
vitamin c foaming face wash vitamin c turmeric skin illumination,https://mamaearth.in/product/vitamin-c-foaming-face-wash-with-vitamin-c-turmeric-for-skin-illumination-150ml,"['5.0', '5.0', '5.0']","['Super', 'Best face wash', 'I like all thinks']",399,150,none,face wash,vitamin c
ubtan body scrub turmeric saffron tan removal,https://mamaearth.in/product/ubtan-body-scrub-with-turmeric-saffron-for-tan-removal-200-g,"['5.0', '5.0', '5.0']","[""It's an amazing body scrub I have ever used.Skin really starts brightening"", 'Natural', 'Awesome product Just love it ❤️']",499,200,none,body scrub,turmeric
bhringamla shampoo bhringraj amla intense hair treatment,https://mamaearth.in/product/bhringamla-shampoo-with-bhringraj-amla-for-intense-hair-treatment-250-ml,"['5.0', '4.0', '5.0']","['amazing product', 'Nyc shampooo. But lid of my shampoo was broken out of the seal And iam not happy with the packing', 'Greattttttttt']",349,250,none,hair shampoo,bhringraj
bhringamla hair oil bhringraj amla intense hair treatment,https://mamaearth.in/product/bhringamla-hair-oil-with-bhringraj-amla-for-intense-hair-treatment-250ml,"['4.0', '5.0', '5.0']","['Nice product I am using this product my grey hair reduced a Little', 'Its very nice and effective product', 'Really really amazing product i must say!']",499,250,none,hair oil,bhringraj
vitamin c face wash vitamin c turmeric skin illumination,https://mamaearth.in/product/vitamin-c-face-wash-with-vitamin-c-and-turmeric-for-skin-illumination-100ml,"['5.0', '5.0', '5.0']","['I like this product', 'Sach a awesome', 'Good']",249,100,none,face wash,vitamin c
vitamin c face cream vitamin c skin illumination,https://mamaearth.in/product/vitamin-c-face-cream-with-vitamin-c-spf-20-for-skin-illumination-50g,"['5.0', '5.0', '5.0']","['Super', 'Super', 'Best products I have ever used .. thanks mamaearth give us for valuable products.']",599,50,none,face cream,vitamin c
vitamin c face mask vitamin c kaolin clay skin illumination,https://mamaearth.in/product/vitamin-c-face-mask-with-vitamin-c-kaolin-clay-for-skin-illumination-100-g,"['5.0', '5.0', '5.0']","['Very nice product', 'Good product so use it for best results', 'Very nice and excellent products so use it for best results']",499,100,none,face mask,vitamin c
vitamin c sleeping mask aloe vera skin illumination,https://mamaearth.in/product/vitamin-c-sleeping-mask-with-aloe-vera-for-skin-illumination-100-g,"['5.0', '5.0', '5.0']","['Really amazing product. Love it', 'I like this product', 'Product is really good..i loved it']",599,100,none,face mask,vitamin c
onion hair oil hair regrowth hair fall control,https://mamaearth.in/product/onion-hair-oil-for-hair-regrowth-hair-fall-control-with-redensyl-250ml,"['5.0', '1.0', '3.0']","['Very goooooood', 'Good', 'Good']",599,250,none,hair oil,onion
ubtan face scrub turmeric walnut tan removal,https://mamaearth.in/product/ubtan-scrub-for-face-with-turmeric-walnut-for-tan-removal-100g,"['5.0', '3.0', '5.0']","['Excellent Product....Fragnance is super good', 'Face scrub so nice', 'Just asum product ,i am very happy after using this product']",349,100,none,face scrub,turmeric
vitamin c face toner vitamin c cucumber pore tightening,https://mamaearth.in/product/vitamin-c-face-toner-with-vitamin-c-cucumber-for-pore-tightening-200-ml,"['5.0', '5.0', '5.0']","[""It's very useful and nice product"", 'I like it.❤️❤️', 'i just love this toner']",399,200,none,face toner,vitamin c
aloe vera gel pure aloe vera vitamin skin hair,https://mamaearth.in/product/aloe-vera-gel-for-face-with-pure-aloe-vera-vitamin-e-for-skin-and-hair-300ml,"['5.0', '5.0', '5.0']","['Very good', ""Best aloe vera gel I've used .... Best for dandruff treatment and of course amazing on oily skin"", ""It's very good""]",299,300,none,face gel,aloe vera
skin correct face serum niacinamide ginger extract acne mark scar,https://mamaearth.in/product/skin-correct-face-serum-with-niacinamide-and-ginger-extract-for-acne-marks-scars-30-ml,"['5.0', '5.0', '5.0']","['Like', 'I have acne prone skin and this worked for me so well Very good for acne prone skin and oily skin...', ""This is an interesting concept.. nice serum.. works too good.. gave results.. that's important.. it's my third buy as my friend took mine away wid her..""]",599,30,none,face serum,niacinamide
skin illuminate face serum radiant skin vitamin c turmeric,https://mamaearth.in/product/skin-illuminate-face-serum-for-radiant-skin-with-vitamin-c-turmeric-30-gm,"['5.0', '5.0', '5.0']","['Very happy to buy this product', ""Great product I'm satisfied 5months uses this product and my skin improve n brightening really love you mama earth."", ""It's good""]",599,30,none,face serum,vitamin c
bye bye dark circle eye cream cucumber peptide dark circle,https://mamaearth.in/product/bye-bye-dark-circles-eye-cream-with-cucumber-peptides-for-dark-circles-20ml,"['5.0', '5.0', '5.0']","['Very awesome products....', 'Products are very very effective ... 100% results', 'Very nice product']",399,20,none,face cream,cucumber
onion shampoo hair growth hair fall control onion oil plant keratin,https://mamaearth.in/product/onion-shampoo-for-hair-growth-and-hair-fall-control-with-onion-oil-and-plant-keratin-400ml,"['5.0', '4.0', '5.0']","['I like this product. It stopped hairfall and my hair is looking smooth and shiny after using this product.', ""It's a sulphate free that's why it doesn't remove oil from hair. I have to wash it more or use another shampoo(little quantity) to remove oil . After that its ok. I use it because I have hair fall problem n I thik its working that's why I purchase it again."", 'Excellent product.I used to have a very bad hair fall but after regular use of this shampoo for 3-4 months my hairfall reduced to 95%.']",559,400,none,hair shampoo,onion
tea tree shampoo dandruff hair,https://mamaearth.in/product/tea-tree-shampoo-for-dandruff-free-hair-250ml,"['5.0', '4.0', '5.0']","[""It's very good"", 'Good', 'Good for dandruff']",349,250,none,hair shampoo,tea tree
onion conditioner hair growth hair fall control onion coconut,https://mamaearth.in/product/mamaearth-onion-conditioner-for-hair-growth-hair-fall-control-with-onion-coconut-250ml,"['5.0', '5.0', '5.0']","['Very natural and good product', ""Best conditioner so far I've used. Highly recommended."", 'Nice']",349,250,none,hair conditioner,onion
onion shampoo hair growth hair fall control onion oil plant keratin,https://mamaearth.in/product/mamaearth-onion-shampoo-for-hair-growth-hair-fall-control-with-onion-oil-plant-keratin-250-ml,"['4.0', '5.0', '5.0']","['Good', 'Very nice product', ""I like this product because it's a natural thing""]",349,250,none,hair shampoo,onion
onion hair oil hair regrowth hair fall control redensyl,https://mamaearth.in/product/onion-hair-oil-for-hair-regrowth-hair-fall-control-with-redensyl-150ml,"['4.0', '5.0', '5.0']","['Good product', 'Very good', ""very surprised to see the smell is really well of oil . It didn't smell like real onion.""]",399,150,none,hair oil,onion
onion hair mask hair fall control onion oil organic bamboo vinegar,https://mamaearth.in/product/onion-hair-mask-for-hair-fall-control-with-onion-oil-organic-bamboo-vinegar-200ml,"['5.0', '4.0', '5.0']","['Nice product', 'Good for dry and fizzy hairs', 'Nice product. It hydrated and nourished my hair and also hairfall reduced. Must try']",599,200,none,hair mask,onion
bye bye blemish face cream reducing pigmentation blemish mulberry extract vitamin c,https://mamaearth.in/product/bye-bye-blemishes-face-cream-for-pigmentation-blemish-removal-with-mulberry-extract-vitamin-c-30ml,"['5.0', '5.0', '5.0']","['Mamaearth bye bye blemishes face cream is amazing. So amazing results. Helps in reducing hyperpigmentation. MUST TRY !', 'This product is good', 'amazing one .....its sweaty for me but i like the result of it']",449,30,none,face cream,vitamin c
hair regrowth combo onion shampoo onion conditioner,https://mamaearth.in/product/hair-regrowth-combo-onion-shampoo-onion-conditioner,"['5.0', '5.0', '5.0']","['I like products all super', 'Very nice product', 'Like product']",689,250,(1% off),hair combo,onion
ubtan face wash tan removal,https://mamaearth.in/product/ubtan-face-wash,"['5.0', '5.0', '5.0']","['Very nice result', 'Every product is good', 'Every product is good']",249,100,none,face wash,turmeric
charcoal facewash oil control,https://mamaearth.in/product/best-charcoal-face-wash,"['5.0', '5.0', '4.0']","['Very very good product and i very like', 'Very very good product and i very like', 'Good product']",249,100,none,face wash,charcoal
argan hair mask argan avocado oil milk protein frizz stronger hair,https://mamaearth.in/product/argan-hair-mask,"['5.0', '4.0', '5.0']","[""It's an amazing hair mask. Makes your hair manageable and frizz free. Just go for it."", 'Product is really awesome, my hair become very soft n smooth.', 'Good product nice smell']",599,200,none,hair mask,argan
vitamin c oil moisturizer face vitamin c gotu kola skin illumination,https://mamaearth.in/product/vitamin-c-oil-free-moisturizer-for-face-with-vitamin-c-gotu-kola-for-skin-illumination-80-ml,"['5.0', '5.0']","['I like its natural fragrance and non sticky quality on my combination skin. Vitamin C keeps my skin radiant and fresh all day. No chemicals only natural ingredients. Made safe certified.', ""This is very useful product for our skin I got this just yesterday and I applied it once a time in a day ,it's amazing bcz after using it more glow and shine comes on my face nd it is made by natural ingredients so it's worthful for everyone""]",299,80,none,face cream,vitamin c
tea tree oil face moisturizer tea tree salicylic acid acne pimple,https://mamaearth.in/product/tea-tree-oil-free-face-moisturizer-with-tea-tree-salicylic-acid-for-acne-pimples-80-ml,['5.0'],"[""It's amazing product contains natural ingredients""]",299,80,none,face cream,tea tree
aqua glow face wash himalayan thermal water hyaluronic acid intense hydration,https://mamaearth.in/product/aqua-glow-face-wash-with-himalayan-thermal-water-and-hyaluronic-acid-for-intense-hydration-100ml,"['5.0', '5.0', '5.0']","['I liked all the products which I ordered..', 'This product is extremely good I like this product', 'Excellent .....products ..']",399,100,none,face wash,himalayan thermal water
vitamin c night cream woman vitamin c gotu kola skin illumination,https://mamaearth.in/product/vitamin-c-night-cream-for-women-with-vitamin-c-gotu-kola-for-skin-illumination-50g,none,none,599,50,none,body cream,vitamin c
apple cider vinegar hair mask organic apple cider vinegar biotin long shiny hair,https://mamaearth.in/product/apple-cider-vinegar-hair-mask-with-organic-apple-cider-vinegar-biotin-for-long-shiny-hair-200-g,['5.0'],['very good'],599,200,none,hair mask,apple cider vinegar
rice water hair mask rice water keratin smoothening hair damage repair,https://mamaearth.in/product/rice-water-hair-mask-with-rice-water-keratin-for-smoothening-hair-damage-repair-200-g,"['5.0', '5.0', '5.0']","['Thank you mamaearth for making my skin glowing and ...make me beautiful...thnkz a lot...', 'Mamaearth is my personal favourite brand...their approach to their product is unbelievable...i like it very much', 'Superb product']",599,200,none,hair mask,rice
tea tree spot gel face cream tea tree salicylic acid acne pimple,https://mamaearth.in/product/tea-tree-spot-gel-face-cream-with-tea-tree-salicylic-acid-for-acne-pimples-15-g,"['5.0', '5.0', '5.0']","['Good', 'Very good product', 'Super']",299,15,none,face gel,tea tree
apple cider vinegar conditioner organic apple cider vinegar biotin long shiny hair,https://mamaearth.in/product/apple-cider-vinegar-conditioner-with-organic-apple-cider-vinegar-biotin-for-long-shiny-hair-250ml,"['5.0', '5.0', '5.0']","['Tan removal facewash and sunscreen was so nice and comfortable and natural products provide by mamaearth which give a glow on face and hair', 'Very good', 'All product was so nice and comfortable all the product I am satisfied with this']",349,250,none,hair conditioner,apple cider vinegar
apple cider vinegar shampoo organic apple cider vinegar biotin long shiny hair,https://mamaearth.in/product/apple-cider-vinegar-shampoo-with-organic-apple-cider-vinegar-biotin-for-long-shiny-hair-250ml,"['5.0', '5.0', '5.0']","['Results after using it but', ""It's safe to use on skin and provides the best of what it claims"", ""It's safe to use on skin and provides the best of what it claims""]",349,250,none,hair shampoo,apple cider vinegar
damage repair kit,https://mamaearth.in/product/damage-repair-kit,"['5.0', '5.0', '4.0']","['Good', 'Good', 'I love this product it is amazing']",849,none,none,hair combo,rice
vitamin c ultra light gel oil moisturizer vitamin c aloe vera water glowing hydration,https://mamaearth.in/product/vitamin-c-ultra-light-gel-oil-free-moisturizer-with-vitamin-c-aloe-vera-water-for-glowing-hydration-200-ml,"['5.0', '5.0', '5.0']","['All most all the products I have used ...r too good', 'Liked it alot', 'Liked it alot']",349,200,none,body cream,vitamin c
apple cider vinegar foaming face wash apple cider vinegar aloe vera water deep cleansing,https://mamaearth.in/product/apple-cider-vinegar-foaming-face-wash-with-apple-cider-vinegar-aloe-vera-water-for-deep-cleansing-150ml,"['5.0', '5.0', '5.0']","['Amazing product', 'Nice product', 'Nice product']",399,150,none,face wash,apple cider vinegar
ubtan foaming face wash turmeric saffron tan removal,https://mamaearth.in/product/ubtan-foaming-face-wash-with-turmeric-saffron-for-tan-removal-150ml,"['5.0', '5.0', '5.0']","['This product is so good', 'Easy to use', 'Very nice superb']",399,150,none,face wash,turmeric
vitamin c face scrub glowing skin vitamin c walnut skin illumination,https://mamaearth.in/product/vitamin-c-face-scrub-for-glowing-skin-with-vitamin-c-and-walnut-for-skin-illumination-100-g,"['5.0', '5.0', '5.0']","['Very fine', 'Very fine', 'Great product. Great texture. Worth buying it.']",349,100,none,face scrub,vitamin c
rice water shampoo rice water keratin damage repair,https://mamaearth.in/product/rice-water-shampoo-with-rice-water-and-keratin-for-damage-repair-250ml,"['5.0', '5.0', '5.0']","['Best product i have ever used!', 'Good shampoo highly recommend', 'Good quality']",349,250,none,hair shampoo,rice
rice hair oil rice bran coconut oil damage repair,https://mamaearth.in/product/rice-hair-oil-with-rice-bran-coconut-oil-for-damage-repair-150ml,"['5.0', '5.0', '5.0']","['Superb', 'Product is very nice I love it I get very smoothy and shine hair', 'Nice product']",399,150,none,hair oil,rice
rice water conditioner rice water keratin damaged dry frizzy hair,https://mamaearth.in/product/rice-water-conditioner-with-rice-water-keratin-for-damaged-dry-and-frizzy-hair-250-ml,"['5.0', '5.0', '5.0']","[""It's an amazing product, really gives frizz free hair."", 'I love almost all products that i am using. Even all baby products.. I advice allma relatives to use mamaearth', 'I love almost all products that i am using. Even all baby products.. I advice allma relatives to use mamaearth']",349,250,none,hair conditioner,rice
ubtan body wash turmeric saffron glowing skin pack,https://mamaearth.in/product/ubtan-body-wash-with-turmeric-saffron-for-glowing-skin-pack-of-2,"['5.0', '5.0', '4.0']","['Good product', ""It's nice"", 'I like this product']",598,none,none,face combo,turmeric
tea tree body wash tea tree neem skin purification,https://mamaearth.in/product/tea-tree-body-wash-with-tea-tree-neem-for-skin-purification-300-ml,"['5.0', '5.0', '5.0']","['Very good product', ""I like the products which have neem, because of its anti bacterial properties and it gives the feel of freshness,my sister had first gifted me Mamaearth's Tea tree body wash and now I am using it regularly. It rejuvenates the skin and give you smooth supple soft touch.."", ""It's amazing and really purifies skin amazingly.Just love this product""]",299,300,none,body wash,tea tree
ubtan body wash turmeric saffron glowing skin,https://mamaearth.in/product/ubtan-body-wash-with-turmeric-saffron-for-glowing-skin-300-ml,"['5.0', '5.0', '5.0']","['I like this product smell is very nice but body wash use in face? Please reply any one', 'Loving it', ""Good smell and more foam . And it's gives that feeling of chemical free.""]",299,300,none,body wash,turmeric
coco body wash coffee cocoa skin awakening,https://mamaearth.in/product/coco-body-wash-with-coffee-cocoa-for-skin-awakening-300-ml,"['5.0', '1.0', '5.0']","['Nice product. Loved the scent of it. Mine skin us but sensitive and whatever I used was problematic. But this really well suited. Thanks.', 'Good', 'Good body wash with coffee and coco from mamaearth. Must-buy!']",299,300,none,body wash,coffee
charcoal body wash charcoal mint deep cleansing,https://mamaearth.in/product/charcoal-body-wash-with-charcoal-mint-for-deep-cleansing-300-ml,"['5.0', '5.0', '5.0']","['Cool products. It makes my morning fresh.', 'The best of the product I had which is Mamaearth Charcoal Body Wash .I can see results in 3 days shining in my skin and smooth..Superb and Amazing..', 'Really good']",299,300,none,body wash,charcoal
vitamin c body wash vitamin c honey skin illumination,https://mamaearth.in/product/vitamin-c-body-wash-with-vitamin-c-honey-for-skin-illumination-300ml,"['5.0', '5.0', '5.0']","['Amazing product must buy and I also love this vitamin c range', 'Really amazing product.It makes my skin soft...', ""Amazing the body wash great fights with sunburn nd doesn't irritates the skin highly recommend nd must buy it once""]",299,300,none,body wash,vitamin c
retinol night cream woman retinol bakuchi anti aging fine line wrinkle,https://mamaearth.in/product/retinol-night-cream-for-women-with-retinol-bakuchi-for-anti-aging-fine-lines-and-wrinkles-50-g,"['5.0', '5.0', '5.0']","['Really good product retinol night cream... And a nice odour', 'Good', 'This product is nice to skin.. wrinkles is gone now. very retinol cream helpful for skin']",699,50,none,face cream,retinol
retinol face wash retinol bakuchi fine line wrinkle,https://mamaearth.in/product/retinol-face-wash-with-retinol-bakuchi-for-fine-lines-and-wrinkles-100-ml,"['2.0', '5.0', '5.0']","['It was very bad for my skin, I have acne prone skin and whenever I used this facewash my skin felt very itchy.', 'Very good product', 'Good awesome product']",299,100,none,face wash,retinol
tea tree foaming face wash tea tree salicylic acid acne pimple,https://mamaearth.in/product/tea-tree-foaming-face-wash-with-tea-tree-salicylic-acid-for-acne-pimples-150ml,"['5.0', '5.0', '5.0']","['Amazing product', 'Amazing product', 'Really great product... Love it❤️']",399,150,none,face wash,tea tree
tea tree face serum,https://mamaearth.in/product/tea-tree-face-serum,"['5.0', '5.0', '5.0']","['I like very much and love this product.', 'Best Serum Ever', 'Every product is awsme']",599,none,none,face serum,tea tree
retinol face serum,https://mamaearth.in/product/mamaearth-retinol-face-serum,"['5.0', '5.0', '5.0']","['Excellent product, very effective.....', 'serum is amazing, can be used as a base before makeup more over it gives glow after applying.', 'A great product which actually works.']",799,none,none,face serum,retinol
complete skin glow kit,https://mamaearth.in/product/complete-skin-glow-kit,"['5.0', '5.0', '5.0']","[""It's very good and effective product."", 'Nyc produced', 'Really very nice product and wonderful results']",999,none,(23% off),face combo,cucumber
coco intense skin awakening kit,https://mamaearth.in/product/coco-intense-skin-awakening-kit,"['5.0', '5.0', '5.0']","['It’s a really good product with an amazing coffee fragrance. The mask was easy to apply and had no allergy to my skin as my skin is really sensitive. I genuinely Would recommend this to everyone as it really helped me reduce my tanned skin and provides me with healthy glowing skin.', ""Received the product with good packaging. It one of the best facewash tried. Lathers well & cocoa smell lovers will enjoy the facewash. It deep cleanses the face & gives instant freshness in the face. It doesn't dry out the skin and retains the moisture. My love for this brand never ends. The product is affordable, sturdy & travel-friendly as well. I would recommend any skin type people can use this face wash. It worth it !!!"", 'I bought new mamaearth coco face scrub really amazing product. it helps to remove dead cells, pigmentation and make skin softer and smooth I got the best results within 1 week, smells good, quantity also good reasonable price overall best product I highly recommend it']",859,none,(22% off),face combo,cocoa
vitamin c radiance combo,https://mamaearth.in/product/vitamin-c-radiance-combo,"['4.0', '5.0', '5.0']","['Like it', 'Mamaearth vitamin c serum gives you glowing skin and reduces hyperpigmentation and acne marks .. it is safe fr all types of skin .. the best part of this product is that 100 per natural.', 'Mamaearth’s vitamin C serum is one of the most potent and celebrated ingredients in skincare, Vitamin C, has excellent antioxidant properties. It is a very effective product. Must try']",840,none,(1% off),face combo,vitamin c
vitamin c clear skin combo,https://mamaearth.in/product/vitamin-c-clear-skin-combo-200-ml,"['5.0', '5.0', '5.0']","['I liked both products used today refreshing cooling and soothing sensation', 'It is so good', 'Best products on mama earth care ...']",739,200,(1% off),face combo,vitamin c
vitamin c skincare regimen kit,https://mamaearth.in/product/vitamin-c-skincare-regimen-kit,"['5.0', '4.0', '5.0']","['I like this product', 'Very nice face cream for pigmentation', 'Very nice product and loving it']",949,none,(24% off),face combo,vitamin c
vitamin c make combo,https://mamaearth.in/product/vitamin-c-no-make-up-combo,"['5.0', '5.0', '5.0']","['Amazing', 'Amazing combo loved it highly recommend', 'Very nice products']",640,none,(1% off),face combo,vitamin c
vitamin c overnight skin glow kit,https://mamaearth.in/product/vitamin-c-overnight-skin-glow-kit,"['5.0', '1.0', '5.0']","['Products are very good..', 'Like', 'Nice product and user friendly']",949,none,(24% off),face combo,vitamin c
vitamin c glowing skin combo,https://mamaearth.in/product/vitamin-c-glowing-skin-combo,"['5.0', '5.0']","['I loved the combo.. i m using mamaearth for the first time and i m loving it i m giving this review after the use of 15 days.. my skin feels very soft moisturized and healthy.. thank you mamaearth', 'Mamaearth onion hair oil just wow..i used it for many times..it helps to reduce hair fall..after using it u will feel your hair is so smooth and shiny...i love this product.']",639,none,none,face combo,vitamin c
tea tree hair oil tea tree ginger oil dandruff hair,https://mamaearth.in/product/tea-tree-hair-oil-with-tea-tree-ginger-oil-for-dandruff-free-hair-250ml,"['5.0', '5.0', '5.0']","['Best oil', 'It is really effective in removal of dandruff', 'Good']",499,250,none,hair oil,tea tree
argan hair oil argan oil avocado oil frizz stronger hair,https://mamaearth.in/product/argan-hair-oil-with-argan-oil-avocado-oil-for-frizz-free-stronger-hair-250-ml,"['4.0', '5.0', '5.0']","['Like', 'I love Ur all products', 'Hands down the best argan oil for hair in india. I use it twice a week and get good results.']",599,250,none,hair oil,argan
ubtan night face mask turmeric niacinamide glowing skin,https://mamaearth.in/product/ubtan-night-face-mask-with-turmeric-niacinamide-for-glowing-skin-100-g,"['5.0', '5.0', '5.0']","['Nice', 'Best face mask', 'I really liked the product. This is my second order. I am really impressed by its result. I recommend to those skin types who have acne marks.']",599,100,none,face mask,turmeric
essential anti hair fall kit,https://mamaearth.in/product/essential-anti-hair-fall-kit,"['5.0', '5.0', '5.0']","['I love this product', 'Sub product ache he', ""Yes it's really nice""]","1,299.00",none,(23% off),hair combo,onion
anti pollution kit,https://mamaearth.in/product/anti-pollution-kit,"['5.0', '5.0', '5.0']","['Product is outstanding but guys see results wait a time and ossum result', 'as I live in a market area I always wanted a product which is with a good result for my skincare and I was suggested this mamaearth product by my sister and now I am loving it.', 'Amazing product... ordered it on a friends recommendation.... works amazing... helps me get tan free n my skin too remains smooth... really loved it']",999,none,(26% off),face combo,coffee
wedding glow skin rejuvenation kit,https://mamaearth.in/product/wedding-glow-skin-rejuvenation-kit,"['5.0', '5.0', '5.0']","['Every product is very good', 'Just loved the products', 'Just loved the products']","1,349.00",none,(25% off),face combo,turmeric
hyaluronic bamboo sheet mask rosehip oil soft plump skin,https://mamaearth.in/product/hyaluronic-bamboo-sheet-mask-with-rosehip-oil-for-soft-plump-skin-25-g,"['5.0', '5.0', '5.0']","['Its just awsome', 'Very good product.', 'Its just awesome']",149,25,none,face sheet mask,hyaluronic acid
retinol bamboo sheet mask retinol bakuchi fine line wrinkle,https://mamaearth.in/product/retinol-bamboo-sheet-mask-with-retinol-bakuchi-for-fine-lines-wrinkles-25-g,"['5.0', '5.0', '5.0']","['Very useful product', 'Osm product', 'Best retinol sheet mask for fine lines and wrinkles!']",149,25,none,face sheet mask,retinol
coco bamboo sheet mask coffee cocoa skin awakening,https://mamaearth.in/product/coco-bamboo-sheet-mask-with-coffee-cocoa-for-skin-awakening-25-g,"['5.0', '5.0', '5.0']","['It is very nice....fe', 'Just bought this mask . Loved the coco range from Mamaearth . Brightened my skin and gave a glow to it must try', 'Its good']",149,25,none,face sheet mask,coffee
ubtan bamboo sheet mask turmeric saffron skin brightening,https://mamaearth.in/product/ubtan-bamboo-sheet-mask-with-turmeric-saffron-for-skin-brightening-25-g,"['5.0', '4.0', '5.0']","['I like the smell', 'Nice product', 'I just love love love this...... its give me a natural glow to my face .... please go for it']",149,25,none,face sheet mask,turmeric
rice water bamboo sheet mask rice water coconut milk deep hydration,https://mamaearth.in/product/rice-water-bamboo-sheet-mask-with-rice-water-coconut-milk-for-deep-hydration-25-g,"['5.0', '5.0', '5.0']","['Best hydrating face mask sheet for glowing and wrinkle-free skin', 'Love this hydrating sheet mask for sensitive skin as it helps in skin tightening and ligting! Very very good!', ""This is what i was looking for. Mamaearth, thank u making such products, I can't take out time for myself with two small kids at home, this is easy and effective. NO TAAM JHAAM AND RESULT IS AMAZING.""]",149,25,none,face sheet mask,rice
rose water bamboo sheet mask rose water milk glowing skin,https://mamaearth.in/product/rose-water-bamboo-sheet-mask-with-rose-water-milk-for-glowing-skin-25-g,"['1.0', '5.0', '5.0']","['Like', 'Good product', 'Good product']",149,25,none,face sheet mask,rose water
vitamin c bamboo sheet mask vitamin c honey skin illumination,https://mamaearth.in/product/vitamin-c-bamboo-sheet-mask-with-vitamin-c-honey-for-skin-illumination-25-g,"['5.0', '5.0', '5.0']","['I like it', 'Highly recomended', 'I love it']",149,25,none,face sheet mask,vitamin c
niacinamide bamboo sheet mask niacinamide ginger extract clear glowing skin,https://mamaearth.in/product/niacinamide-bamboo-sheet-mask-with-niacinamide-ginger-extract-for-clear-glowing-skin-25-g,"['5.0', '5.0', '5.0']","['Excellent mamaearth sheet mask product it suits for my skin and diminish my spots and pores', 'All those sheet masks are amazing!!!!', ""I love this app why i love this mamaearth sheet mask because it's eco-friendly all products and services so good my kids love the product i must see everyone must try and believe the real products toxin free products""]",149,25,none,face sheet mask,niacinamide
charcoal facial regimen kit,https://mamaearth.in/product/charcoal-facial-regimen-kit,"['5.0', '3.0', '5.0']","['Really good products...', 'So good', 'Amazing']",899,none,(25% off),face combo,charcoal
charcoal face wash scrub combo,https://mamaearth.in/product/charcoal-face-wash-scrub-combo,"['5.0', '5.0', '5.0']","['Good and nice products', 'Such an amazing Product. Just loving it from first use. Value for money product.', 'Good for skin']",590,none,(1% off),face wash,charcoal
coco face wash coffee cocoa skin awakening pack,https://mamaearth.in/product/coco-face-wash-with-coffee-cocoa-for-skin-awakening-pack-of-2,"['5.0', '5.0', '5.0']","['Undoubtedly result in an oriented product. I had always issues with any product I used before. But this is the best. Excellent refreshing result in just a week. The difference can be visible on your face. the coco face wash is good. Use as instructed. For sure recommended to others to go for it. A small doubt element is maybe it depends on the skin to skin conditions. For us, it worked exceptionally good.', 'Every thing is good', 'I recently started using mama earth facewash and within a month I can see results. Must try!!!']",489,none,(2% off),face wash,coffee
onion shampoo onion hair serum combo,https://mamaearth.in/product/onion-shampoo-onion-hair-serum,"['1.0', '5.0']","['I love this products', 'Nice', 'Very good product']",639,none,(1% off),hair combo,onion
hair fall reduction combo,https://mamaearth.in/product/hair-fall-reduction-combo,"['5.0', '5.0', '5.0']","['', 'I love this product', 'I like this product because it reduces my hair fall very much so Thank You Mama Earth for this product.']","1,289.00",none,(1% off),hair combo,onion
onion shampoo oil combo,https://mamaearth.in/product/onion-shampoo-oil-combo,"['5.0', '5.0', '5.0']","[""It's v good product and v effective"", 'It is superb', 'Like']",939,none,(1% off),hair combo,onion
onion shampoo hair growth hair fall control pack,https://mamaearth.in/product/onion-shampoo-for-hair-growth-hair-fall-control-250-ml-pack-of-2,"['5.0', '5.0', '5.0']","[""It's really work all product's are good"", ""It's really work all product's are good"", ""It's really work all product's are good""]",679,none,(3% off),hair combo,onion
vitamin c face wash vitamin c turmeric skin illumination,https://mamaearth.in/product/vitamin-c-face-wash-with-vitamin-c-and-turmeric-for-skin-illumination-250ml,"['5.0', '5.0', '5.0']","['i like it', 'Amazing product', 'Best product . Vitamin C face wash is very nice for skin']",399,250,none,face combo,vitamin c
spotless skin combo ubtan facewash bye bye blemish face cream,https://mamaearth.in/product/spotless-skin-combo,"['5.0', '5.0', '5.0']","['Really works', 'Super product keep it up', 'Like']",689,30,(1% off),face combo,walnut beads
acne mark reduction kit,https://mamaearth.in/product/anti-acne-kit,"['5.0', '5.0', '5.0']","[""Highly recommended product.. As I had lot of acne issue.. Used many products, consult skin specialist but no use. But when I started using this product it's like miracle happen. My skin is sensitive but it suits on my skin. Thank you Mamaearth❤"", 'Its just osm guys. I love this product.', 'Really it works in my acne skin..tx to mamaearth']",849,none,(26% off),face combo,apple cider vinegar
onion scalp serum onion niacinamide healthy hair growth,https://mamaearth.in/product/onion-scalp-serum-with-onion-niacinamide-for-healthy-hair-growth-50ml,"['5.0', '5.0', '5.0']","['Just awesome product', 'Nice', 'Great product for hair growth . Go for it without any habitations']",599,50,none,hair serum,onion
vitamin c body lotion vitamin c honey radiant skin,https://mamaearth.in/product/vitamin-c-body-lotion-with-vitamin-c-honey-for-radiant-skin-400-ml,"['5.0', '5.0', '5.0']","[""Totally loved the product . Great fragrance and texture. Doesn't make the skin oily ."", 'our skin always needs something good for skincare like this wonderful lotion with the goodness of honey and must tell it worked great...', 'I really really liked the effects of the product I am very much inclined towards vitamin C these days I also used vitamin C face milk which worked magically so I switched to vitamin C body lotion oh mama earth only so this has been really nice moisturising and hydrating I like the overall effect it leaves on the skin the fragrance is also really mild And soothing I think you should go for the overall product it is worth it']",399,400,none,body lotion,vitamin c
ubtan body lotion turmeric kokum butter glowing skin,https://mamaearth.in/product/ubtan-body-lotion-with-turmeric-kokum-butter-for-glowing-skin-400-ml,"['4.0', '5.0', '5.0']","['Good', 'I love this ubtan body lotion for oily skin. It has helped with dryness and skin tone.', 'Very good and hydrating ubtan body lotion for oily skin. Must buy!']",399,400,none,body lotion,turmeric
coco body lotion coffee cocoa intense moisturization,https://mamaearth.in/product/coco-body-lotion-with-coffee-and-cocoa-for-intense-moisturization-400ml,"['4.0', '5.0', '5.0']","['It is gud but is quite disturbing', 'Nice product', 'Nice product.']",399,400,none,body lotion,coffee
rose body lotion rose water milk deep hydration,https://mamaearth.in/product/rose-body-lotion-with-rose-water-and-milk-for-deep-hydration-400ml,"['5.0', '5.0', '5.0']","['Amazing texture and fell fresh', 'Awesome product', 'V. Good']",399,400,none,body lotion,rose water
vitamin c foaming face wash vitamin c turmeric skin illumination,https://mamaearth.in/product/vitamin-c-foaming-face-wash-with-vitamin-c-turmeric-for-skin-illumination-150ml,"['5.0', '5.0', '5.0']","['Super', 'Best face wash', 'I like all thinks']",399,150,none,face wash,vitamin c
rose face toner witch hazel rose water pore tightening,https://mamaearth.in/product/rose-face-toner-with-witch-hazel-rose-water-for-pore-tightening-200ml,"['3.0', '3.0', '3.0']","['I like this product but please make spray type toner ,it will be easy to use. Thank you.', 'I like this product but please make spray type toner ,it will be easy to use. Thank you.', 'Natural products']",399,200,none,face toner,rose water
ubtan hand cream turmeric honey deep moisturization,https://mamaearth.in/product/ubtan-hand-cream-with-turmeric-and-honey-for-deep-moisturization-50g,"['5.0', '5.0', '5.0']","['I like everything', 'Mamaearth ubtan hand cream is very moisturizing and at the same non sticky.it provide proper hydration and make hand soft and smooth', 'Superb Product... Must buy!']",349,50,none,body cream,turmeric
vitamin c hand cream vitamin c shea butter intense moisturization,https://mamaearth.in/product/vitamin-c-hand-cream-with-vitamin-c-and-shea-butter-for-intense-moisturization,"['4.0', '1.0', '5.0']","['I like this product....', ""I've a doubt..is it harmful to face"", 'Good']",349,none,none,body cream,vitamin c
coco hand cream coffee cocoa rich moisturization,https://mamaearth.in/product/coco-hand-cream-with-coffee-cocoa-for-rich-moisturization-50g,"['5.0', '5.0', '5.0']","['Really good for dry skin ! And a great mositurizer too .', 'Nice one...Loved it!!! Must buy', 'I loved the Mamaearth’s coco hand cream . It moistured my skin . The fragrance is also good . Must try...']",349,50,none,body cream,cocoa
micellar water foaming makeup remover rose water glycolic acid makeup cleansing,https://mamaearth.in/product/micellar-water-foaming-makeup-remover-with-rose-water-glycolic-acid-for-makeup-cleansing-150-ml,"['5.0', '5.0', '4.0']","['I like trying new makeup removers which make my makeup wash easily.', 'This is the best micellar water in India, better than any other out there. It is the a natural makeup remover for acne prone skin. It doesn’t trigger flare ups.', ""Wow it's remove all the makeup in my face and also get is glowing skin in facewash""]",399,150,none,face wash,rose water
vitamin c face milk vitamin c peach skin illumination,https://mamaearth.in/product/vitamin-c-face-milk-with-vitamin-c-and-peach-for-skin-illumination-100-ml,"['5.0', '5.0', '5.0']","['Very nice product.I love it', 'I can’t wait to use this amazing milk cream on face at night time. It is very soothing and helps with tan and signs of aging.', 'Very good vitamin c face milk for moisturizing and rejuvenating skin. Love it!']",449,100,none,face cream,vitamin c
argan shampoo conditioner combo,https://mamaearth.in/product/argan-shampoo-argan-conditioner,"['4.0', '5.0', '5.0']","['Good product', ""I've just started using it. I love it. Very far to go with you."", 'I love this product']",689,none,(1% off),hair combo,argan
argan hair mask argan shampoo,https://mamaearth.in/product/argan-hair-mask-argan-shampoo,"['5.0', '5.0', '5.0']","['Superb product...it reduce my hair fall... and that is visible...my hair fall reduce about 60 % in just two uses....just go for it without thinking much...Thank you Mamaearth for this wonderful product..', 'Awesome combo gives frizz free hairs and make hair shiney', 'Very nice product and i ever find natural product and chemical free then i listen about it .it is really amazing']",924,none,(3% off),hair combo,argan
tan removal combo,https://mamaearth.in/product/ubtan-face-scrub-ubtan-face-wash,"['5.0', '1.0', '5.0']","['I just love mamaearth', 'Face wash i like it', 'Face wash and face scrub both is same ....is their any mistake in face wash']",589,none,none,face combo,turmeric
bhringamla shampoo conditioner combo,https://mamaearth.in/product/bhringamla-shampoo-and-conditioner-combo,"['5.0', '5.0', '5.0']","['I have very dry hair, this shampoo made my hair the worst..but it suits my cousin who has greasy hair..as it is mentioned Sls free, there will be no foam, and it takes the half bottle, for medium length hair, to get thoroughly hair washed.Conditioner is Better', 'Good product', 'its good']",689,none,(1% off),hair combo,bhringraj
ubtan body scrub turmeric saffron tan removal,https://mamaearth.in/product/ubtan-body-scrub-with-turmeric-saffron-for-tan-removal-200-g,"['5.0', '5.0', '5.0']","[""It's an amazing body scrub I have ever used.Skin really starts brightening"", 'Natural', 'Awesome product Just love it ❤️']",499,200,none,body scrub,turmeric
neem body scrub neem tulsi skin purification,https://mamaearth.in/product/neem-body-scrub-with-neem-tulsi-for-skin-purification-200-g,"['5.0', '5.0', '5.0']","['Nice', ""For dry skin I wanted a neem tulsi body scrub with natural ingredients that makes my skin feel rejuvenated and moisturized. Since I've found Mamaearth neem body scrub my skin game has changed."", 'I was looking for an amla shampoo for hair loss and found this from Mamaearth. it also has Bhringraj which is a plus and has helped me control hair fall.']",499,200,none,body scrub,neem
vitamin c night regimen combo,https://mamaearth.in/product/vitamin-c-night-regimen-combo,"['5.0', '5.0', '5.0']","['Awesome product..', 'Just I like mamaearth products', 'I like all the product.. suits my skin.. It feels light to my skin']","1,799.00",none,(3% off),face combo,vitamin c
vitamin c day regimen combo,https://mamaearth.in/product/vitamin-c-day-regimen-combo,"['5.0', '5.0', '5.0']","['Product suparb i love it nd suit for all skin type', 'Like', 'Good products']","1,699.00",none,(3% off),face combo,vitamin c
bhringamla conditioner bhringraj amla intense hair treatment,https://mamaearth.in/product/bhringamla-conditioner-with-bhringraj-amla-for-intense-hair-treatment-250ml,"['5.0', '5.0', '5.0']","['I really love all your products ....specially vitamin c products i am using it these days it really makes my skin feel so fresh my skin is now really bright and healthy', 'I really love all your products ....specially vitamin c products i am using it these days it really makes my skin feel so fresh my skin is now really bright and healthy', 'Happy']",349,250,none,hair conditioner,bhringraj
bhringamla shampoo bhringraj amla intense hair treatment,https://mamaearth.in/product/bhringamla-shampoo-with-bhringraj-amla-for-intense-hair-treatment-250-ml,"['5.0', '4.0', '5.0']","['amazing product', 'Nyc shampooo. But lid of my shampoo was broken out of the seal And iam not happy with the packing', 'Greattttttttt']",349,250,none,hair shampoo,bhringraj
bhringamla hair oil bhringraj amla intense hair treatment,https://mamaearth.in/product/bhringamla-hair-oil-with-bhringraj-amla-for-intense-hair-treatment-250ml,"['4.0', '5.0', '5.0']","['Nice product I am using this product my grey hair reduced a Little', 'Its very nice and effective product', 'Really really amazing product i must say!']",499,250,none,hair oil,bhringraj
tan removal regimen,https://mamaearth.in/product/tan-removal-regimen,"['5.0', '5.0', '5.0']","['Like', 'Like', 'I loved this product']",799,none,(27% off),face combo,turmeric
bhringamla hair mask bhringraj amla intense hair treatment,https://mamaearth.in/product/bhringamla-hair-mask-with-bhringraj-amla-for-intense-hair-treatment-200-g,"['1.0', '5.0', '5.0']","['I like the smell of this mask but after use my hair become more frezee and thin. Not so good as i think .', 'Product is very nice ...my hair volume is increas now', 'Mamaearth aloe vera gel is really too good.i feel my skin becomes smooth n healthy from first use']",599,200,none,hair mask,bhringraj
hydragel indian sunscreen aloe vera raspberry sun protection,https://mamaearth.in/product/hydragel-indian-sunscreen-with-aloe-vera-raspberry-for-sun-protection-50-g,"['5.0', '5.0', '5.0']","['Easily absorbed,not feel sticky', 'Easily absorbed,not feel sticky', 'Mamaearth hydragel indian sunscreen is great. It helps in protecting from UV rays. Settles well on the skin. Provides hydration’']",399,50,none,body cream,aloe vera
vitamin c face wash vitamin c turmeric skin illumination,https://mamaearth.in/product/vitamin-c-face-wash-with-vitamin-c-and-turmeric-for-skin-illumination-100ml,"['5.0', '5.0', '5.0']","['I like this product', 'Sach a awesome', 'Good']",249,100,none,face wash,vitamin c
vitamin c face cream vitamin c skin illumination,https://mamaearth.in/product/vitamin-c-face-cream-with-vitamin-c-spf-20-for-skin-illumination-50g,"['5.0', '5.0', '5.0']","['Super', 'Super', 'Best products I have ever used .. thanks mamaearth give us for valuable products.']",599,50,none,face cream,vitamin c
vitamin c face mask vitamin c kaolin clay skin illumination,https://mamaearth.in/product/vitamin-c-face-mask-with-vitamin-c-kaolin-clay-for-skin-illumination-100-g,"['5.0', '5.0', '5.0']","['Very nice product', 'Good product so use it for best results', 'Very nice and excellent products so use it for best results']",499,100,none,face mask,vitamin c
coco face wash coffee cocoa skin awakening,https://mamaearth.in/product/coco-face-wash-with-coffee-and-cocoa-for-skin-awakening-100ml,"['5.0', '5.0', '5.0']","['Just loved the face wash...keep going mamaearth❤', 'Good product', 'Nice product']",249,100,none,face wash,coffee
coco face scrub coffee cocoa rich exfoliation,https://mamaearth.in/product/coco-face-scrub-with-coffee-cocoa-for-rich-exfoliation-100g,"['5.0', '5.0', '5.0']","['Liked very much', 'This coco scrub for face smells so so good! Just love using it as it really feels refreshing and makes my skin also feel fresh', 'Love the concept of cocoa and coffee scrub. My two favorite things! Really awakens my skin as it claims to!']",349,100,none,face scrub,coffee
coco face mask coffee cocoa skin awakening,https://mamaearth.in/product/coco-face-mask-with-coffee-cocoa-for-skin-awakening-100g,"['4.0', '5.0', '4.0']","['Awesome Mask', 'Super product', 'Very nice product and it gives glow to my skin']",499,100,none,face mask,coffee
vitamin c sleeping mask aloe vera skin illumination,https://mamaearth.in/product/vitamin-c-sleeping-mask-with-aloe-vera-for-skin-illumination-100-g,"['5.0', '5.0', '5.0']","['Really amazing product. Love it', 'I like this product', 'Product is really good..i loved it']",599,100,none,face mask,vitamin c
coco yogurt coffee cocoa rich moisturization,https://mamaearth.in/product/coco-yogurt-with-coffee-and-cocoa-for-rich-moisturization-200ml,"['5.0', '5.0', '5.0']","['I loved the fragrance first, then the consistency and its light weight. This is not sticky and locks the moisture for a long time. Thank you mamaearth for introducing this :D', 'This has super light weight formula. Gets absorbed real quick and provides nice moisturization. This smells like Coffee. Must buy product specially for oily skinned people', 'This product is so amazing I used it daily after shower.']",499,200,none,body cream,coffee
argan conditioner argan apple cider vinegar frizz stronger hair,https://mamaearth.in/product/argan-conditioner-with-argan-apple-cider-vinegar-for-frizz-free-and-stronger-hair,"['5.0', '5.0', '5.0']","['I like this product', 'This is the argan conditioner for all hair types. Left my hair smooth and manageable!', 'Conditions and smoothens to give frizz-free hair after every wash. love it!']",349,250,none,hair conditioner,argan
argan shampoo argan apple cider vinegar frizz stronger hair,https://mamaearth.in/product/argan-shampoo-with-argan-apple-cider-vinegar-for-frizz-free-stronger-hair,"['5.0', '5.0', '5.0']","['Very nice product... Too much effective.....', 'All products good but some briefly explain and face colouring products in more wants', 'Excellent']",349,250,none,hair shampoo,argan
onion shampoo onion conditioner combo,https://mamaearth.in/product/onion-shampoo-400ml-onion-conditioner-250ml,"['5.0', '5.0', '2.0']","['I just really like the product...', 'I loved these products it is very effective and is highly recommended.', ""Made my hair frizzy I'm not able to run my fingers in hair doesn't made my hair soft..""]",899,none,(1% off),hair combo,onion
onion hair oil onion hair mask combo,https://mamaearth.in/product/onion-hair-oil-onion-hair-mask,"['4.0', '4.0', '5.0']","['I love this product', 'I love this product', 'So good products and less amount with offers ☺️']",998,none,none,hair combo,onion
onion hair serum onion hair oil combo,https://mamaearth.in/product/onion-hair-serum-onion-hair-oil,"['3.0', '5.0', '5.0']","['Oil is good but not the serum. Just go for oil', 'Really gud ...nd very effective. ..am very happy ...', 'I love this product']",689,none,(1% off),hair combo,onion
onion hair serum onion hair mask combo,https://mamaearth.in/product/onion-hair-serum-onion-hair-mask,"['5.0', '5.0', '5.0']","['Big thanks to the mamaearth team from bottom of my heart....really appreciate your ideas of providing toxin-free products rather than the need for advertisements.....guys worth for the money go for it.....it smells heaven....and makes my hair smooth and dandruff free other than the ads showing products or products shown by the actresses.....really we need more such companies who are sincere to their costumers......THANKYOU MAMAEARTH', 'this product is amazing , it reduced my hair fall and now my hair are improving a lot . i recommend all of you to use this amazing product .', 'this is an amazing product. it really stop my hair fall and effective too. i recommend all of you to use it .']",889,none,(1% off),hair combo,onion
skin illuminate face serum bye bye blemish combo,https://mamaearth.in/product/skin-illuminate-face-serum-bye-bye-blemishes-30g,"['5.0', '5.0', '5.0']","[""It's good.."", 'Awsmmm products....', 'I used bye bye blemish cream to my dull skin for 2 week ...its really really really good ..it improve my skin tone I have black patches around my mouth its also reduced day by day ..thanks mamaearth']","1,029.00",none,(2% off),face combo,vitamin c
skin illuminate face serum bye bye dark circle combo,https://mamaearth.in/product/skin-illuminate-face-serum-bye-bye-dark-circles,"['5.0', '5.0', '5.0']","['Awesome', 'I love this product.. and I want this combo as a gift for me .. from Manaearth', 'nice one']",989,none,(1% off),face combo,vitamin c
bye bye blemish bye bye dark circle combo,https://mamaearth.in/product/bye-bye-blemishes-30g-bye-bye-dark-circles,"['5.0', '5.0', '5.0']","['Good', 'Love it❤️all mamaearth products are amazing', 'Mamaearth every product are awesome ❤️❤️']",839,none,(1% off),face combo,vitamin c
tea tree shampoo onion hair oil combo,https://mamaearth.in/product/tea-tree-shampoo-onion-hair-oil,"['5.0', '5.0', '5.0']","['❤️loved it', 'Nice product', ""It's a must have product for hair. If you're having hair fall issue with damaged hair. Ordered it for my wife after using this her hairfall reduced to ⅙ compared yo before when she wasn't using it. I strongly recommend this combo for hair fall""]",724,none,(3% off),hair combo,tea tree
ubtan face wash skin illuminate face serum combo,https://mamaearth.in/product/ubtan-face-wash-skin-illuminate-face-serum,"['5.0', '5.0', '5.0']","['Mamaearth Onion hair oil and onion shampoo is awesome! I started feel the difference after two times use', 'Really good product', 'The ubatan face wash is really a good product.... I have used many products.. But results comes after use this face wash.... Thank you']",839,none,(1% off),face combo,turmeric
tea tree face wash bye bye blemish combo,https://mamaearth.in/product/tea-tree-face-wash-bye-bye-blemishes-30ml,"['5.0', '5.0', '5.0']","['Good quality products', 'Nice product', 'Mamaearth neem face wash is best..it helps to reduce acne and acne prone skin..no harmful chemicals like silicone and sulfate']",689,none,(1% off),face combo,neem
onion hair oil hair regrowth hair fall control,https://mamaearth.in/product/onion-hair-oil-for-hair-regrowth-hair-fall-control-with-redensyl-250ml,"['5.0', '1.0', '3.0']","['Very goooooood', 'Good', 'Good']",599,250,none,hair oil,onion
charcoal face scrub oily skin normal skin charcoal walnut deep exfoliation,https://mamaearth.in/product/charcoal-face-scrub-for-oily-skin-normal-skin-with-charcoal-walnut-for-deep-exfoliation-100g,"['5.0', '5.0', '5.0']","['Nyc product.must buy this product ❤️❤️', 'I like this product very much❤️❤️must buy this scrub.thnaku mamaearth', 'amazing scrub...deeply cleanses and makes the skin soft and shiny.']",349,100,none,face scrub,charcoal
ubtan face scrub turmeric walnut tan removal,https://mamaearth.in/product/ubtan-scrub-for-face-with-turmeric-walnut-for-tan-removal-100g,"['5.0', '3.0', '5.0']","['Excellent Product....Fragnance is super good', 'Face scrub so nice', 'Just asum product ,i am very happy after using this product']",349,100,none,face scrub,turmeric
vitamin c face toner vitamin c cucumber pore tightening,https://mamaearth.in/product/vitamin-c-face-toner-with-vitamin-c-cucumber-for-pore-tightening-200-ml,"['5.0', '5.0', '5.0']","[""It's very useful and nice product"", 'I like it.❤️❤️', 'i just love this toner']",399,200,none,face toner,vitamin c
aloe vera gel pure aloe vera vitamin skin hair,https://mamaearth.in/product/aloe-vera-gel-for-face-with-pure-aloe-vera-vitamin-e-for-skin-and-hair-300ml,"['5.0', '5.0', '5.0']","['Very good', ""Best aloe vera gel I've used .... Best for dandruff treatment and of course amazing on oily skin"", ""It's very good""]",299,300,none,face gel,aloe vera
onion hair serum onion biotin strong frizz hair,https://mamaearth.in/product/onion-hair-serum-with-onion-biotin-for-strong-frizz-free-hair-100-ml,"['5.0', '5.0', '5.0']","['very good serum.. its soften my hairs', 'Very good', 'Superb']",299,100,none,hair serum,onion
skin correct face serum niacinamide ginger extract acne mark scar,https://mamaearth.in/product/skin-correct-face-serum-with-niacinamide-and-ginger-extract-for-acne-marks-scars-30-ml,"['5.0', '5.0', '5.0']","['Like', 'I have acne prone skin and this worked for me so well Very good for acne prone skin and oily skin...', ""This is an interesting concept.. nice serum.. works too good.. gave results.. that's important.. it's my third buy as my friend took mine away wid her..""]",599,30,none,face serum,niacinamide
tea tree face wash charcoal face wash combo,https://mamaearth.in/product/tea-tree-face-wash-charcoal-face-wash,"['5.0', '5.0', '5.0']","[""I am writing this review after using it for around 20 days. It seems very natural and chemical-free and is very gentle on the skin. But it does its job of cleaning the skin properly. It contains a tea tree which is one of my favourite ingredients for skincare. Give it a try... it's definitely better than all other chemicals containing face washes. And it's even affordable as compared to other natural brands available in the market."", 'Its really nice and my skin feels very soft and smooth... Mamaearth is too good... Love you mamaearth', 'Have faced hormonal acne issues from.quiet long time nothing worked , truste it has done wonders on my skin and acne with scars are gone completely.. honest review ..']",489,none,(2% off),face combo,neem
day night face wash combo,https://mamaearth.in/product/ubtan-face-wash-tea-tree-face-wash-pack-of-2,"['5.0', '5.0', '5.0']","['Liked this product', 'I loved mamaearth product bcoz it is totally made from natural and organic things', 'Like']",489,none,(2% off),face combo,turmeric
ubtan facewash tan removal pack,https://mamaearth.in/product/ubtan-facewash-for-tan-removal-pack-of-2,"['5.0', '5.0', '5.0']","['Osm product ❤️❤️', 'Mama Earth Ubtan Face wash is very gentle and glowing', 'Best']",489,none,(2% off),face combo,turmeric
tea tree facewash acne pimple pack,https://mamaearth.in/product/tea-tree-facewash-for-acne-and-pimples-pack-of-2,"['5.0', '5.0', '5.0']","[""It's amazing product..I have no words to praise it as It is the only facewash which really worked rather than other tv commercials who act good only but their products aren't. I love purchasing mamaearth facewash as It is valuable"", 'Its really an amazing product, i have tried alot of medical products for my pimples but they were useless , instead this facewash works within a week and i found visible changes in skin of my face , it was much cleaner clear and smooth..just loved it..5 stars', 'Good product for acne pimple and Glowing skin soo use it frnds and get smooth fase']",489,none,(2% off),face combo,neem
charcoal facewash oil control pack,https://mamaearth.in/product/charcoal-facewash-for-oil-control-pack-of-2,"['5.0', '5.0', '5.0']","['This is the first Charcoal facewash I am using and loved it a lot. Combination of Charcoal and Coffee helps remove pollution, dirt and impurities, clears the pores and controle excess oil. After using it skin feels soft and cleansed.', 'Loved the product...', 'Product is good..']",489,none,(2% off),face combo,charcoal
skin illuminate face serum radiant skin vitamin c turmeric,https://mamaearth.in/product/skin-illuminate-face-serum-for-radiant-skin-with-vitamin-c-turmeric-30-gm,"['5.0', '5.0', '5.0']","['Very happy to buy this product', ""Great product I'm satisfied 5months uses this product and my skin improve n brightening really love you mama earth."", ""It's good""]",599,30,none,face serum,vitamin c
bye bye dark circle eye cream cucumber peptide dark circle,https://mamaearth.in/product/bye-bye-dark-circles-eye-cream-with-cucumber-peptides-for-dark-circles-20ml,"['5.0', '5.0', '5.0']","['Very awesome products....', 'Products are very very effective ... 100% results', 'Very nice product']",399,20,none,face cream,cucumber
hair fall control regime combo onion shampoo onion hair mask,https://mamaearth.in/product/onion-mask-shampoo-combo,"['5.0', '5.0', '5.0']","['Product is very super', 'Yes, definitely Mamaearth Onion shampoo is really great for hair growth. Onion shampoo reduces hair fall, provides nourishment and helps in the growth of lost hair. It makes hair smooth and frizz-free And also Suitable for all hair types.', ""Mamaearth's Onion Hair Mask works on the roots to strengthen your hair, reduce hairfall, and promote overall hair & scalp health. Very good product""]",939,200,(1% off),hair combo,onion
onion shampoo hair growth hair fall control onion oil plant keratin,https://mamaearth.in/product/onion-shampoo-for-hair-growth-and-hair-fall-control-with-onion-oil-and-plant-keratin-400ml,"['5.0', '4.0', '5.0']","['I like this product. It stopped hairfall and my hair is looking smooth and shiny after using this product.', ""It's a sulphate free that's why it doesn't remove oil from hair. I have to wash it more or use another shampoo(little quantity) to remove oil . After that its ok. I use it because I have hair fall problem n I thik its working that's why I purchase it again."", 'Excellent product.I used to have a very bad hair fall but after regular use of this shampoo for 3-4 months my hairfall reduced to 95%.']",559,400,none,hair shampoo,onion
onion conditioner hair growth hair fall control onion coconut,https://mamaearth.in/product/onion-conditioner-for-hair-growth-and-hair-fall-control-with-onion-and-coconut-400ml,"['5.0', '5.0', '5.0']","['Everything is okay', 'super......product...', 'Awesome product']",559,400,none,hair conditioner,onion
skin plump serum face glow hyaluronic acid rosehip oil ageless skin,https://mamaearth.in/product/skin-plump-serum-for-face-glow-with-hyaluronic-acid-rosehip-oil-for-ageless-skin-30ml,"['4.0', '5.0', '5.0']","['Nice', 'Excellent result', 'Just wow']",599,30,none,face serum,hyaluronic acid
tea tree anti dandruff hair regime kit,https://mamaearth.in/product/tea-tree-anti-dandruff-hair-kit,"['5.0', '5.0', '5.0']","['This is the best product for dandruff i have ever used. i had dandruff problems since ages...now its all gone........so far there are no side effects.....its a very good product', 'Nice packaging', 'I luv dis product. I have dandruff frm past many years n coz of dandruff i started having hairfall prob. Bt frm wen instarted using mama earths tra tree products i m having less dandruff n vv less itching on scalp n my hairfall alsi stopped... im in luv vid dis product..']",999,none,(23% off),hair combo,tea tree
tea tree shampoo dandruff hair,https://mamaearth.in/product/tea-tree-shampoo-for-dandruff-free-hair-250ml,"['5.0', '4.0', '5.0']","[""It's very good"", 'Good', 'Good for dandruff']",349,250,none,hair shampoo,tea tree
ubtan body butter dry skin turmeric honey deep nourishment,https://mamaearth.in/product/mamaearth-ubtan-body-butter-for-dry-skin-with-turmeric-honey-for-deep-nourishment-200g,"['5.0', '5.0', '5.0']","[""I m in love with this ubtan butter. It's just wow ..my skin is so so soft ...I feel so nice. My skin is like baby skin .like we all want. One should buy this n apply . N it's a thick product . I just v lil it spreads all over my skin ...I m happy"", 'I have a dry skin and after using this, feels soft and smooth. Its moisturize my skin for whole day. Really love this body butter and completly satisfied with this. Thank u so much Mamaearth for this Lovely product.', 'I have been using this product from 1 week now, i must say, it made my skin very smooth and silky. I m in love with this butter.. thanks mamaearth for making such products.']",599,200,none,body cream,turmeric
wedding glow skincare kit,https://mamaearth.in/product/wedding-glow-skincare-kit,"['1.0', '5.0', '5.0']","['Bahot accha Hai product mujhe bahot passnd aya...nd use krne ke bad to accha fresh feel hua....thank you sooo much mama earth for lovely product', 'Really awesome product I love this product', 'Mama earth ke sabi ke sabi product bohut he ache hai']",999,none,(26% off),face combo,saffron
neem face mask neem tea tree pimple,https://mamaearth.in/product/neem-face-mask-with-neem-tea-tree-for-pimples-zits-100-ml,"['5.0', '5.0', '5.0']","['Fantastic products full working product', 'Fabulous', 'Mamaearth neem face mask is so amazing. It helps in reducing acne and pimples. I’ve been using it for quite some time now and the results are great.']",499,100,none,face mask,neem
anti pollution daily face cream dry oily skin turmeric pollustop bright glowing skin,https://mamaearth.in/product/anti-pollution-daily-face-cream-for-dry-oily-skin-with-turmeric-pollustop-for-a-bright-glowing-skin-80ml,"['5.0', '5.0', '5.0']","[""I like mamaearth, foaming face wash &anti-pollution face'Cream,thanku for mamaearth team thanku,I hope ki ap log ka team aage bare."", 'Good product', 'Really good product']",349,80,none,face cream,turmeric
onion conditioner hair growth hair fall control onion coconut,https://mamaearth.in/product/mamaearth-onion-conditioner-for-hair-growth-hair-fall-control-with-onion-coconut-250ml,"['5.0', '5.0', '5.0']","['Very natural and good product', ""Best conditioner so far I've used. Highly recommended."", 'Nice']",349,250,none,hair conditioner,onion
onion shampoo hair growth hair fall control onion oil plant keratin,https://mamaearth.in/product/mamaearth-onion-shampoo-for-hair-growth-hair-fall-control-with-onion-oil-plant-keratin-250-ml,"['4.0', '5.0', '5.0']","['Good', 'Very nice product', ""I like this product because it's a natural thing""]",349,250,none,hair shampoo,onion
onion hair oil hair regrowth hair fall control redensyl,https://mamaearth.in/product/onion-hair-oil-for-hair-regrowth-hair-fall-control-with-redensyl-150ml,"['4.0', '5.0', '5.0']","['Good product', 'Very good', ""very surprised to see the smell is really well of oil . It didn't smell like real onion.""]",399,150,none,hair oil,onion
onion hair mask hair fall control onion oil organic bamboo vinegar,https://mamaearth.in/product/onion-hair-mask-for-hair-fall-control-with-onion-oil-organic-bamboo-vinegar-200ml,"['5.0', '4.0', '5.0']","['Nice product', 'Good for dry and fizzy hairs', 'Nice product. It hydrated and nourished my hair and also hairfall reduced. Must try']",599,200,none,hair mask,onion
mamaearth epsom bath salt relaxation pain relief,https://mamaearth.in/product/buy-epsom-salt-online,"['5.0', '5.0', '5.0']","['Like', 'For skin and mind relaxation mamaearth Bath salts is the best buy. You must try it, the lavender smells divine.', 'I used to go to the gym and I used Epsom bath salt for relaxing muscles. Once I got pregnant, I used it to reduce body pain. The best buy from mamaearth so far for me.']",399,200,none,body wash,magnesium
tea tree conditioner tea tree ginger oil dandruff hair,https://mamaearth.in/product/mamaearth-tea-tree-conditioner-with-tea-tree-ginger-oil-for-dandruff-free-hair-250ml,"['5.0', '5.0', '4.0']","['Good... Hair is so soften after use this condishner..', 'Completely worth to buy it. It really helped me to get rid off dandruff. It reduced my itchingness. Trustable to buy', 'Its a good shampoo for those having normal dandruff and not for the one having seborrheic dermatitis infection on scalp. Its a request to mamaearth team pls make shampoo for those having these kind of scalp issues. Your almost every product is so effective and always gives best results..']",349,250,none,hair conditioner,tea tree
hair fall control kit,https://mamaearth.in/product/hairfall-control-kit,"['5.0', '5.0', '5.0']","['Great producta', 'Very nice product', 'Just love this products']",999,none,(28% off),hair combo,onion
bye bye blemish face cream reducing pigmentation blemish mulberry extract vitamin c,https://mamaearth.in/product/bye-bye-blemishes-face-cream-for-pigmentation-blemish-removal-with-mulberry-extract-vitamin-c-30ml,"['5.0', '5.0', '5.0']","['Mamaearth bye bye blemishes face cream is amazing. So amazing results. Helps in reducing hyperpigmentation. MUST TRY !', 'This product is good', 'amazing one .....its sweaty for me but i like the result of it']",449,30,none,face cream,vitamin c
castor oil healthier skin hair nail pure natural cold pressed oil,https://mamaearth.in/product/100-pure-natural-cold-pressed-castor-oil-for-healthier-skin-hair-nails-150ml,"['5.0', '5.0', '5.0']","['It is very nice product after using it i have no hairfall after all', 'GLOWN', 'very good oil']",299,150,none,hair oil,castor oil
hair regrowth combo onion shampoo onion conditioner,https://mamaearth.in/product/hair-regrowth-combo-onion-shampoo-onion-conditioner,"['5.0', '5.0', '5.0']","['I like products all super', 'Very nice product', 'Like product']",689,250,(1% off),hair combo,onion
revitalizing turmeric kit,https://mamaearth.in/product/revitalizing-turmeric-kit,"['5.0', '5.0', '5.0']","['I just love mamaearth', 'I have been using mama earth products for a while now. The turmeric facewash is amazing. Also the onion shampoo , conditioner and oil has resulted in less hairfall too. Thank you MAMAEARTH for the amazing products.', 'It is effective product']","1,299.00",none,(27% off),face combo,aloe vera
aloe turmeric gel skin hair saver pack get extra,https://mamaearth.in/product/aloe-turmeric-gel-for-skin-hair-300ml,"['5.0', '4.0', '5.0']","['Amazing!!! It reduced my active acne within one day !!!seriously, its a magical product for treating acne and dark spots..', 'Lovely', 'Every product is awesome']",399,none,none,face gel,aloe vera
aloe turmeric gel skin hair,https://mamaearth.in/product/aloe-turmeric-gel-for-skin-hair-150ml,"['5.0', '5.0', '5.0']","['Nice product', 'Good products', 'Wow amazing product']",249,150,none,face gel,aloe vera
anti acne combo oil moisturizer ultra light indian sunscreen,https://mamaearth.in/product/anti-acne-combo-oil-free-moisturizer-ultra-light-indian-sunscreen,"['1.0', '5.0', '5.0']","['This product is very amazing', 'Very nice product', 'Very nice product']",789,80,(1% off),face combo,turmeric
oil face moisturizer acne prone skin,https://mamaearth.in/product/oil-free-face-moisturizer-with-apple-cider-vinegar-for-acne-prone-skin,"['3.0', '4.0', '4.0']","[""Just applying to my face . It's easily blend in my skin. After my face dark."", 'Really good product....I love it', 'Really good product....I love it']",299,80,none,face cream,apple cider vinegar
ultra light indian sunscreen carrot seed turmeric,https://mamaearth.in/product/mamaearths-ultra-light-indian-sunscreen,"['5.0', '5.0', '5.0']","['I like this product', 'I like this product', ""This product is extremely good this product help me when I go outside in sun it doesn't burn my skin in sun . So guys please use this product""]",499,80,none,body cream,carrot
sun protection combo sunscreen ubtan facewash,https://mamaearth.in/product/sun-protection-combo-sunscreen-ubtan-facewash,"['5.0', '5.0', '5.0']","['This sunscreen is awesome and a very essential product in summers. I am in love with mama earth products. This sunscreen has Aloe Vera which improves skin quality. The average quantity is sufficient to apply to the entire face and neck. It has PA+++ which protects our skin from harmful UVA rays and it is of SPF 50 which protects from UVB rays. A good sunscreen should have both SPF and PA+++. This cream blends to the skin very easily and ends up in giving smooth texture to the face. We can use under makeup as well. I have been using this cream for a while and am satisfied with the product.', 'Really very nice', 'Really very nice']",739,100,(1% off),face combo,saffron
skin lightening brightening combo ubtan facemask ubtan facewash,https://mamaearth.in/product/mamaearth-combos-skin-lightening-and-brightening-combo,"['4.0', '5.0', '4.0']","[""It's too good"", 'Amazingg', 'Nice product']",739,100,(1% off),face combo,saffron
charcoal secret combo c face mask charcoal facewash,https://mamaearth.in/product/charcoal-secrets-c3-face-mask-charcoal-face-wash,"['5.0', '5.0', '5.0']","['Nice products', 'gives a glowing skin .. highly recommended.. it is made safe and 100% natural..', 'i have a oily skin and acne problem...this product really work well']",839,100,(1% off),face combo,charcoal
ubtan face mask saffron turmeric skin brightening tan removal,https://mamaearth.in/product/ubtan-face-mask-for-skin-lightening-brightening,"['5.0', '5.0', '5.0']","['Best face mask', 'Very effective', 'It\'s really good product, as like another product of ""Mamaeart"".still, date I use 5 products of this Brand. Frankly speaking, I love this Brand.']",499,100,none,face mask,saffron
healthy hair combo shampoo conditioner,https://mamaearth.in/product/happy-heads-shampoo-no-more-tangles-conditioner-twin-pack,"['5.0', '5.0', '5.0']","['The best shampoo', 'Nice shampoo it is giving good result...', 'The conditioner is wow']",689,200,(1% off),hair combo,biotin
tea tree anti dandruff hair mask,https://mamaearth.in/product/mamaearth-tea-tree-anti-dandruff-hair-mask,"['5.0', '5.0', '5.0']","['Best hair pack for dandruff as it really nourishes not only hair but also the scalp. It is super soothing and I ensure to use it every week', 'Got dictate this anti dandruff hair mask by my friend and now I am totally in love with it as my dandruff has reduced so much. Tea tree hair mask is the best', 'Awsm']",599,200,none,hair mask,tea tree
ubtan face wash tan removal,https://mamaearth.in/product/ubtan-face-wash,"['5.0', '5.0', '5.0']","['Very nice result', 'Every product is good', 'Every product is good']",249,100,none,face wash,turmeric
tea tree facewash acne pimple,https://mamaearth.in/product/tea-tree-face-wash,"['5.0', '5.0', '5.0']","['Very nice', 'Great products', 'Great products']",249,100,none,face wash,neem
charcoal facewash oil control,https://mamaearth.in/product/best-charcoal-face-wash,"['5.0', '5.0', '4.0']","['Very very good product and i very like', 'Very very good product and i very like', 'Good product']",249,100,none,face wash,charcoal
anti hair fall kit complete hair care,https://mamaearth.in/product/anti-hair-fall-kit,"['5.0', '3.0', '4.0']","['I like this product', 'Nice product', ""It's really good product. It's reduce hairfall very effectively.""]","1,199.00",none,(25% off),hair combo,bhringraj
pro growth hair tonic better hair growth,https://mamaearth.in/product/buy-hair-growth-tonic,"['4.0', '5.0', '5.0']","['Nice product,my hair fall 70 percent stop after 10days use', 'Packaging was very good and i love mamaearth Pro-Growth Hair Tonic products. And I post my results very soon ....... after my first use....s after using complete 1bottle I see my is growing', ""Really helpful to stop hairfall. I have been suffering from hairfall due to thyroid and this hair tonic was a saviour, even I noticed small baby hairs growing from the area where I had baldness due to hairfall. It's truly magical would recommend to everyone who's suffering from hairfall.""]",499,100,none,hair oil,korean red ginseng
root restore hair oil hair fall reduction,https://mamaearth.in/product/buy-natural-hair-oil,"['4.0', '5.0', '5.0']","[""It's nice and specially non greasy, lighter in hair and soothing effect, but prevents hair fall it's not pretty sure."", 'Like', 'Like']",399,100,none,hair oil,bhringraj
happy head shampoo healthy stronger hair,https://mamaearth.in/product/buy-organic-shampoo-online,"['5.0', '5.0', '5.0']","['Very good sulphate free shampoo from mamaearth!', 'Best sulphate free shampoo for keratin treated hair. Must buy!', ""Everyone trust in mamaearth because of their ingredients .,..but why you are adding now bad chemical in your products just becuase your company grows..and why you don't show your all ingredients list ?""]",349,200,none,hair shampoo,biotin
tangle conditioner hair,https://mamaearth.in/product/buy-hair-conditioner-online,"['5.0', '5.0', '4.0']","['Amazing conditioner..this is my second bottle..it leaves my hair soft and manageable..have been on the lookout for good non-toxic chemicals..finally found one..will recommend using the shampoo oil and conditioner combo.', ""It's really work ..not very much..but work...go for it.."", ""I have been using this kit for more than 1 month, and so far I have seen some visible result, it definitely reduced my hair fall and I can see few new hair on my scalp, it's a must use product for anyone losing hair and wants to grow it back. Thank you mama earth""]",349,200,none,hair conditioner,cocoa
nipple butter cream sore cracked nipple,https://mamaearth.in/product/natural-nip-care-cream,"['5.0', '5.0', '5.0']","['Good product', 'It is a verygood product. I m using it from last 4 months. Very helpful for cracked nipples.', 'This nipple cream is really very good. It effectively helps heal sore and chapped nipples faster and also gives soothing effect to cracked nipples. Its totally organic and toxin free and effective.']",500,50,none,body cream,coconut oil
mamaearth eye cucumber caffeine dark circle,https://mamaearth.in/product/eye-dark-circle-removal,"['5.0', '5.0', '5.0']","['❤️❤️', 'Fast delivery in 2 days', 'Just woow']",599,50,none,face cream,cucumber
argan hair mask argan avocado oil milk protein frizz stronger hair,https://mamaearth.in/product/argan-hair-mask,"['5.0', '4.0', '5.0']","[""It's an amazing hair mask. Makes your hair manageable and frizz free. Just go for it."", 'Product is really awesome, my hair become very soft n smooth.', 'Good product nice smell']",599,200,none,hair mask,argan
c face mask healthy glowing skin,https://mamaearth.in/product/buy-charcoal-face-mask,"['5.0', '5.0', '5.0']","['Bestest', 'The refreshing feeling after applying and the way it works us really very satisfying charcoal face mask this product❤️', 'Finally a charcoal face mask for men and women, good to know all products can be used by both. This is a great mask, super hydrating']",599,100,none,face mask,charcoal
niacin face toner niacinamide witch hazel acne open pore,https://mamaearth.in/product/niacin-toner-for-face-with-niacinamide-with-hazel-for-acne-and-open-pores-200-ml,"['5.0', '5.0', '5.0']","['Best', 'It is very good product.specialy for acne skin', 'This niacinamide and witch hazel toner is good for my sensitive skin. Does good job and very good finish']",399,200,none,face toner,niacinamide
ubtan yogurt turmeric saffron deep moisturization,https://mamaearth.in/product/ubtan-yogurt-with-turmeric-and-saffron-for-deep-moisturization-200ml,"['5.0', '5.0', '5.0']","['Super product', 'Supr product...', 'Best body yoghurt i can say , best I have ever tried it smells so good, get absorbed in my skin so easily and moisturizes skin very very well.I am just fan of this now my skin is very very soft moisturizer. Highly recommended reader to use']",499,200,none,body cream,turmeric
coco body butter dry skin coffee cocoa deep moisturization,https://mamaearth.in/product/mamaearth-coco-body-butter-for-dry-skin-with-coffee-cocoa-for-deep-moisturization-200g,"['5.0', '5.0', '5.0']","['Amazing product.. nice fragrance of coffee... Nourishes n repairs my skin.. my skin is so so soft n smooth now... Worth buying product...', 'Lovely product... nice chemical free ingredients.. mild fragrance that too chocolaty... works well.. hydrates super good... skin feels buttery smooth', 'Amazing product.. has a nice coffee n chocolaty fragrance... Nourishes n repairs my skin.. my skin is so so soft n smooth now... Loved it.... Worth buying product']",599,200,none,body cream,cocoa
natural radiance day cream,https://mamaearth.in/product/mamaearth-natural-radiance-day-cream,"['2.0', '5.0', '5.0']","[""This cream moisturises the skin but it doesn't suit me. As it's usage bring more pimples and acne on my skin. Makes my skin look more darker."", 'I love all product', 'This product is most useful to me. My skin is very smooth and glowing after use the this product. I love mama earth products very much.']",599,50,none,face cream,pomegranate
hydrating natural body lotion cucumber aloe vera normal skin,https://mamaearth.in/product/body-lotion-for-normal-skin,"['5.0', '5.0', '5.0']","['Best product', 'Good one.', 'Very smooth and light on skin and provides long lasting hydration. It is also very cooling which i like during summer time. Nimmi']",299,250,none,body lotion,cucumber
stretch mark cream,https://mamaearth.in/product/stretch-marks-removal-cream,"['5.0', '5.0', '5.0']","['Very nice', 'Nice', 'This pregnancy stretch mark cream intensly hydrates and repairs compromised skin.!']",500,100,none,body cream,milk
